Word,POS,Count
read,VB,2
grim,JJ,2
facts,NNS,2
Chanel,NNP,3
Sultan,NNP,14
life,NN,10
minute,NN,2
first,JJ,16
let,NN,2
talk,NN,3
dreams,NNS,4
Like,IN,9
law,NN,4
degree,NN,3
started,VBN,3
hope,NN,2
buy,VB,2
home,NN,14
years,NNS,24
spent,VBD,2
driving,VBG,3
buses,NNS,2
day,NN,7
working,VBG,4
construction,NN,2
business,NN,3
evenings,NNS,3
feed,VB,2
three,CD,5
children,NNS,7
reading,VBG,3
self-help,JJ,2
books,NNS,4
penance,NN,2
gym,NN,3
live,VB,7
lives,NNS,5
really,RB,2
want,VBP,6
says,VBZ,7
ones,NNS,2
given.,JJ,2
sit,VBP,2
house,NN,9
run-down,JJ,2
laughs,VBZ,2
tell,VB,2
whether,IN,7
faith,NN,3
born,VBN,2
determination,NN,2
delusion,NN,2
ou,NN,1
night,NN,4
hear,VB,2
rats,NNS,3
scratching,VBG,1
around,RB,2
beneath,IN,2
floorboards,NNS,1
bed,NN,2
seen,VBN,14
scuttling,VBG,1
found,VBD,2
rotting,NN,1
corpses,NNS,1
even,RB,16
belongings,NNS,2
chewed,VBN,1
months,NNS,7
lived,VBN,1
Victorian,JJ,1
terrace,NN,1
ferocious,JJ,1
damp,NN,2
mould,NNS,1
ruined,VBN,1
clothes,NNS,1
furniture,NN,1
headboard,NN,1
base,NN,1
spoilt,JJ,1
thrown,VBN,2
away,RB,7
bedroom,NN,2
mattress,NN,1
sits,VBZ,1
atop,JJ,1
cardboard,NN,1
packing,VBG,1
boxes,NNS,1
past,JJ,4
talking,VBG,2
feels,VBZ,3
anything,NN,2
homely,RB,1
dozens,NNS,1
photos,NNS,1
videos,NNS,1
moving,VBG,3
last,JJ,15
summer,NN,2
:,:,46
exterior,JJ,1
doors,NNS,1
lock,NN,1
electric,JJ,1
wiring,NN,1
exposed,VBN,1
rat,VBP,1
droppings,NNS,1
everywhere,RB,1
toilet,NN,1
bowl,NN,1
encrusted,VBN,1
faeces,NNS,1
read,NN,1
emails,NNS,3
letters,NNS,6
back-and-forth,NN,1
tried,VBN,1
get,VB,8
things,NNS,11
fixed,VBN,1
partial,JJ,1
success,NN,1
visiting,NN,1
week,NN,12
saw,VBD,7
walls,NNS,1
plugged,VBN,1
rat,NN,1
holes,NNS,1
garden,NN,1
big,JJ,5
black,JJ,1
traps,NNS,1
warning,VBG,2
poison,NN,1
inside,RB,1
squalor,NN,1
supposed,VBN,2
fresh,JJ,1
start,NN,2
hard,JJ,3
38-year-old,JJ,1
got,VBN,1
remarried,VBN,1
fancied,VBN,1
new,JJ,15
suburbs,NN,1
London,NNP,6
viewing,NN,1
worries,NNS,1
family,NN,7
assured,VBN,1
central,JJ,3
heating,NN,1
double,JJ,2
glazing,NN,1
would,MD,28
arrive,VB,1
property,NN,2
asked,VBN,2
pick,VB,1
colour,NN,1
door,NN,3
since,IN,11
promises,NNS,2
came,VBD,5
country,NN,8
biggest,JJS,3
housing,NN,12
association,NN,6
Clarion,NNP,9
believed,VBD,1
Bad,NNP,1
move,NN,2
works,NNS,2
done,VBN,8
previous,JJ,4
resident,NN,3
left,VBD,4
behind,RP,1
decades,NNS,2
worth,NN,1
extraordinary,JJ,2
still,RB,13
response,NN,7
swapped,VBN,1
another,DT,6
tenant,NN,4
move,VB,2
quoted,VBD,2
said,VBD,10
two,CD,7
sort,VB,1
mess,NN,1
pleaded,VBD,1
moved,VBD,2
everything,NN,1
–,NN,33
far,RB,8
front,JJ,1
yard,NN,1
promised,JJ,1
work,NN,6
jobs,NNS,3
kept,VBD,2
getting,VBG,4
fobbed,VBN,1
filth,NN,1
drove,VBD,1
angry,JJ,3
rows,NNS,1
eldest,JJS,1
daughter,NN,1
teenage,NN,1
son,NN,1
tried,VBD,3
sofa-surfing,NN,1
baby,NN,1
shy,JJ,1
fawn,NN,1
girl,NN,1
primary,JJ,2
school,NN,3
breaking,VBG,1
tears,NNS,1
longtime,JJ,1
sufferer,NN,1
poor,JJ,1
mental,JJ,3
health,NN,4
felt,VBD,5
slide,NN,1
despair,NN,1
emails,JJ,1
sent,VBD,1
reports,VBZ,1
manager,NN,1
shouting,VBG,1
phone,NN,3
care,NN,2
condition,NN,1
nothing,NN,3
come,VBP,3
get,VBP,2
rid,JJ,1
them.,NN,1
kill,VB,1
times,NNS,5
walking,VBG,1
oncoming,VBG,1
traffic,NN,5
wrote,VBD,3
take,VB,5
sad,JJ,1
…,NN,1
think,VBP,5
ever,RB,5
helped,VBN,1
understood.,JJ,1
reply,NN,2
began,VBD,1
sorry,NN,1
messages,NNS,3
received,VBD,1
[,IN,1
],NN,1
caused,VBD,2
want,VB,2
end,VB,2
life.,NN,1
contacted,VBD,1
sincerely,RB,1
apologise,VBP,1
Ms,NNP,1
Every,NNP,1
treated,VBN,1
fairly,RB,1
respect,NN,1
compassion.,NN,1
disputes,VBZ,1
parts,NNS,4
story,NN,1
mentioned,VBD,1
yet,CC,1
adds,VBZ,1
determined,VBN,1
continuously,RB,1
improve,VB,1
service,NN,11
provide,VBP,2
learn,VB,2
case.,NN,1
made,VBN,6
several,JJ,4
similar,JJ,2
statements,NNS,1
couple,NN,4
stories,NNS,2
appalling,VBG,1
treatment,NN,2
tenants,NNS,2
splashed,VBN,1
telly,RB,1
brought,VBN,1
regulators,NNS,2
offices,NNS,1
Tory,NNP,4
MP,NNP,4
Stephen,NNP,1
Hammond,NNP,1
staff,NN,3
deal,VB,1
residents,NNS,8
behalf,JJ,1
every,DT,6
constituency,NN,3
next,JJ,9
Labour,NNP,31
Siobhain,NNP,1
McDonagh,NNP,1
made,VBD,6
papers,NNS,2
estimating,VBG,1
comprised,VBD,1
half,NN,1
casework,NN,1
high,JJ,9
today,NN,9
tells,VBZ,3
leaseholders,NNS,1
improvement.,JJ,1
could,MD,20
park,VB,1
fail,VB,2
yet,RB,8
serial,JJ,1
failure,NN,4
board,NN,1
features,NNS,1
establishment,JJ,1
figures,NNS,1
Gavin,NNP,1
Barwell,NNP,1
minister,NN,17
Grenfell,NNP,2
went,VBD,6
flames,NNS,1
well,RB,9
names,NNS,1
worked,VBD,2
Rothschild,NNP,1
Savills,NNP,1
–,NNP,34
one,CD,25
chief,JJ,3
executive,NN,1
charity,NN,1
Clare,NNP,1
Miller,NNP,1
took,VBD,7
"£369,000",CD,1
year,NN,7
Yet,CC,4
ultimately,RB,1
failed,VBN,1
society,NN,5
scarcely,RB,1
notices,VBZ,1
people,NNS,22
like,IN,16
let,VB,3
alone,RB,5
protects,VBZ,1
rights,NNS,3
weekend,NN,1
carry,VBP,3
supplements,NNS,1
BBC,NNP,1
brings,VBZ,1
Homes,NNP,1
Hammer,NNP,1
loving,JJ,1
attention,NN,2
paid,VBN,2
million,CD,1
households,NNS,3
England,NNP,7
rent,VBP,1
council,NN,2
piece,NN,1
Guardian,NNP,6
archivists,NNS,1
five,CD,4
national,JJ,5
newspaper,NN,1
totted,VBD,1
many,JJ,14
focused,VBD,1
social,JJ,6
period,NN,4
includes,VBZ,1
aftermath,NN,1
cladding,VBG,1
scandal,NN,4
death,NN,5
toddler,NN,1
Awaab,NNP,1
Ishak,NNP,1
respiratory,JJ,1
mould-infested,JJ,1
"1,315",CD,1
reports,NNS,2
"6,312",CD,1
articles,NNS,1
–,RB,4
–,VBP,11
prices,NNS,5
sharply,RB,1
divided,VBD,1
assets,NNS,2
media,NNS,5
political,JJ,26
system,NN,15
stands,VBZ,2
squarely,RB,1
behind,IN,4
asset-owners,NNS,1
Looking,VBG,1
pandemic,NN,1
book,NN,1
Stay,NNP,1
Home,NNP,10
Prof,NNP,1
Becky,NNP,1
Tunstall,NNP,1
documents,NNS,1
chancellor,NN,2
Rishi,NNP,5
Sunak,NNP,8
Bank,NNP,1
governor,NN,1
Andrew,NNP,1
Bailey,NNP,1
prop,VB,1
market,NN,4
cuts,NNS,1
stamp,JJ,1
duty,NN,2
mortgage,NN,1
holidays,NNS,1
lower,JJR,2
interest,NN,3
rates,NNS,1
quantitative,JJ,1
easing,NN,1
expensive,JJ,1
medicine,NN,1
treat,NN,1
forecast,VBN,1
plunge,VB,2
average,JJ,1
instead,RB,4
rocketed,VBN,1
"£37,000",NN,1
calculates,VBZ,1
sum,JJ,1
dwarfed,NN,1
value,NN,2
furlough,NN,1
help,NN,1
self-employed,JJ,1
uplift,NN,1
universal,JJ,1
credit,NN,1
Meanwhile,RB,2
renters,NNS,1
unprotected,JJ,1
fit,NN,1
human,JJ,3
go,VB,5
superhuman,JJ,1
lengths,NNS,1
numerous,JJ,1
taking,VBG,3
solicitors,NNS,1
complaining,VBG,1
TikTok,NNP,2
hit,VBN,4
letter,NN,1
lawyers,NNS,1
contractors,NNS,2
set,VBN,3
repairs,NNS,1
Hours,NNP,1
receiving,VBG,1
questions,NNS,2
got,VBD,4
touch,NN,1
offering,VBG,3
proof,VB,1
pleased,JJ,1
majority,NN,4
complete,JJ,2
full,JJ,4
completion,NN,1
due,JJ,1
week.,NN,1
reads,VBZ,1
titles,NNS,1
Think,NNP,1
Grow,NNP,1
Rich,NNP,1
stunted,VBN,1
rich,JJ,1
amount,NN,2
magical,JJ,1
thinking,NN,3
change,VB,4
everyone,NN,2
whatever,WDT,1
aspires,VBZ,1
entrepreneur,NN,1
learned,VBN,2
way,NN,16
reality,NN,7
feel,VBP,2
prisoner,NN,1
circumstances,NNS,2
certain,JJ,3
class,NN,1
taken,VBN,5
seriously.,NN,1
Aditya,NNP,1
Chakrabortty,NNP,1
Guardian,JJ,7
columnist,NN,6
UK,NNP,22
Ireland,NNP,10
Samaritans,NNP,1
contacted,VBN,1
email,VB,1
jo,NN,2
@,NN,1
samaritans,NNS,2
org,NN,1
@,JJ,1
ie,NN,1
US,NNP,14
National,NNP,3
Suicide,NNP,1
Prevention,NNP,1
Lifeline,NNP,2
1-800-273-8255,JJ,1
Australia,NNP,1
crisis,NN,15
support,NN,7
international,JJ,7
helplines,NNS,1
found,VBN,3
befrienders,NNS,1
org,VB,1
opinion,NN,5
issues,NNS,7
raised,VBN,5
article,NN,5
?,.,33
like,VB,6
submit,VB,5
words,NNS,7
email,NN,5
considered,VBN,6
publication,NN,5
section,NN,5
please,VB,5
click,NN,5
socialist,NN,3
conspiracy,NN,6
afoot,NN,2
wants,VBZ,4
make,VB,10
easier,JJR,3
walk,VB,2
shops,NNS,3
Fringe,NNP,2
forces,NNS,3
left,VBN,5
plotting,VBG,2
away,RP,2
freedom,NN,4
stuck,VBN,2
jams,NNS,2
crawl,VB,2
along,RB,2
clogged,JJ,2
ring,NN,2
roads,NNS,4
trawl,VB,2
streets,NNS,2
search,NN,2
parking,NN,2
spot,NN,3
liberty,NN,2
rush-hour,JJ,2
commute,NN,2
sanctity,NN,2
out-of-town,JJ,2
shopping,NN,5
centre,NN,5
righteousness,NN,2
suburban,JJ,2
food,NN,6
desert,NN,2
threat,NN,6
never,RB,12
name,NN,3
chilling,VBG,2
global,JJ,11
movement,NN,3
15-minute,JJ,13
city,NN,12
.here,NNP,1
.Westminster,NN,1
often,RB,7
seem,VB,1
badly,RB,1
scripted,VBN,1
spoof,NN,1
rarely,RB,2
parliament,NN,2
descended,VBD,1
parody,NN,2
Conservative,NNP,2
South,NNP,2
Yorkshire,NNP,1
Valley,NNP,1
Nick,NNP,1
Fletcher,NNP,1
launched,VBD,2
plucky,JJ,1
tirade,NN,1
concept,NN,5
convenient,NN,1
walkable,JJ,2
neighbourhoods,NNS,4
leader,NN,16
please,NN,1
aside,JJ,1
time,NN,16
debate,NN,3
socialist,JJ,1
so-called,JJ,5
cities,NNS,1
20-minute,JJ,1
asked,VBD,3
ominous,JJ,1
tone,NN,1
Sheffield,NNP,2
already,RB,2
journey,NN,1
Doncaster,NNP,1
also,RB,19
Labour-run,JJ,1
same.,NN,1
online,JJ,5
theory,NN,3
Commons,NNP,1
chamber,NN,1
may,MD,9
surreal,JJ,1
Simply,NNP,1
put,VBD,5
principle,NN,3
suggests,VBZ,1
daily,JJ,1
needs,NNS,5
–,JJ,9
healthcare,NN,2
education,NN,2
culture,NN,7
leisure,NN,1
within,IN,8
walk,NN,1
bike,VB,1
ride,NN,1
live,VBP,2
sounds,VBZ,1
pleasant,JJ,1
enough,RB,3
minds,NNS,1
libertarian,JJ,2
fanatics,NNS,1
commentators,NNS,1
represents,VBZ,2
unprecedented,JJ,1
assault,NN,1
personal,JJ,5
freedoms.,NN,1
Creepy,NNP,1
local,JJ,9
authority,NN,1
bureaucrats,NNS,2
see,VB,6
entire,JJ,2
existence,NN,1
boiled,VBD,1
duration,NN,1
quarter,NN,1
hour,NN,2
warned,VBD,1
furious,JJ,1
presenter,NN,1
GB,NNP,1
News,NNP,1
describing,VBG,2
plot,NN,2
line,NN,3
Nineteen,JJ,1
Eighty-Four,NNP,1
suggested,VBD,2
dystopian,JJ,1
plan,NN,3
heralding,VBG,1
surveillance,NN,5
Pyongyang,NNP,1
envious,JJ,1
.Never,NN,1
mundane,JJ,1
urbanism,NN,1
lightning,NN,1
rod,NN,1
outrage,NN,5
suggesting,VBG,1
public,JJ,13
parks,NNS,1
part,NN,19
sinister,JJ,1
plant-worshipping,NN,1
demolish,VB,1
homes,NNS,2
replace,VB,1
grass,NN,1
transport,NN,1
satanic,JJ,1
bus,NN,1
cult,NN,1
online,NN,1
forums,NNS,1
claimed,VBN,1
step,NN,1
towards,NNS,3
inevitable,JJ,2
Hunger,NNP,1
Games,NNP,1
allowed,VBN,3
leave,VB,3
prescribed,JJ,1
areas,NNS,5
see,VBP,3
route,NN,2
low-traffic,JJ,2
low-carbon,JJ,1
future,NN,6
beginning,NN,1
slippery,NN,1
slope,NN,1
living,NN,3
open-air,JJ,1
prison,NN,1
irate,NN,1
TikToker,NNP,1
shrieked,VBD,1
jumping,VBG,1
around,IN,1
room,NN,5
disbelief,NN,1
going,VBG,9
apply,VB,1
fucking,JJ,1
permit,NN,1
zone,NN,1
!,.,3
(,(,15
Although,IN,1
ascribed,VBD,1
plans,NNS,3
Tories,NNPS,4
quite,RB,2
clear,JJ,7
deranged,VBD,1
Reddit,NNP,1
forum,NN,1
information,NN,2
),),15
.There,EX,1
lots,NNS,1
good,JJ,10
reasons,NNS,3
interrogate,VB,1
cute,JJ,1
logic,NN,3
actually,RB,1
lead,VB,1
segregation,NN,2
Would,MD,1
wealthy,VB,1
money,NN,5
remain,VBP,1
prosperous,JJ,2
enclaves,NNS,1
providing,VBG,1
services,NNS,3
–,NNS,2
curtailed,VBN,1
travel,NN,1
permits,NNS,1
pot,NN,1
given,VBN,2
powerful,JJ,3
stir,NN,1
December,NNP,3
Canadian,NNP,1
rightwing,NN,1
warrior,JJ,1
Jordan,NNP,1
Peterson,NNP,2
decided,VBD,1
involved,VBN,2
idea,NN,4
lovely,RB,1
tweeted,VBD,2
post,NN,1
clocked,VBN,1
5m,CD,1
views,NNS,5
idiot,VBZ,1
tyrannical,JJ,1
decide,VB,1
fiat,NN,1
allowed,VBD,2
drive,VB,1
perhaps,RB,6
worst,JJS,4
imaginable,JJ,1
perversion,NN,1
continued,VBD,1
make,VBP,1
mistake,NN,2
well-documented,JJ,1
plan.,NN,1
tweet,NN,1
featured,VBD,1
telltale,JJ,1
hashtag,NN,1
#,#,1
GreatReset,NNP,1
referring,VBG,1
World,NNP,2
Economic,NNP,2
Forum,NNP,3
post-pandemic,JJ,2
economic,JJ,9
recovery,NN,1
widely,RB,2
used,VBD,1
stranger,NN,1
corners,NNS,1
internet,NN,2
byword,NN,1
shadowy,NN,1
intent,NN,1
robbing,VBG,1
us,PRP,12
freedoms,NNS,1
anti-vaccine,JJ,1
pro-Brexit,JJ,1
climate-denying,JJ,1
15-minute-phobe,JJ,1
Great,NNP,1
Reset,NNP,1
axis,NN,1
strong,JJ,1
one,NN,5
fear,NN,2
come,NN,1
Many,NNP,1
theorists,NNS,1
highlight,VBD,1
un-British,JJ,1
ideas,NNS,7
urban,JJ,1
walkability,NN,1
emanate,VBP,1
France,NNP,1
must,MD,8
distrusted,VBN,1
Worse,JJR,2
point,VBP,1
ideology,NN,1
driven,VBN,1
bearded,JJ,1
Colombian,JJ,1
scientist,NN,1
radical,JJ,3
roots,NNS,2
1920s,CD,1
phrase,NN,1
coined,VBN,1
Carlos,NNP,1
Moreno,NNP,3
esteemed,VBD,1
professor,NN,1
Panthéon-Sorbonne,NNP,1
Paris,NNP,2
member,NN,2
leftwing,JJ,1
guerrilla,NN,1
group,NN,4
1970s,NNS,1
coming,VBG,2
cars.,NN,1
lies,NNS,3
enormous,JJ,2
recent,JJ,4
interview,NN,1
claims,NNS,4
critics,NNS,1
locked,VBN,1
neighbourhood,NN,5
;,:,17
cameras,NNS,1
signal,VB,1
mother,NN,1
lives,VBZ,1
ask,VB,1
permission,NN,1
adding,VBG,2
sometimes,RB,3
post,JJ,1
pictures,NNS,1
concentration,NN,1
camps.,NN,1
first,RB,4
promoted,VBD,1
la,NN,1
ville,FW,1
du,JJ,1
quart,NN,1
heure,NN,1
gained,VBD,1
mayor,NN,1
Anne,NNP,1
Hidalgo,NNP,1
adopted,VBD,1
re-election,NN,1
campaign,NN,7
promised,VBD,2
close,VB,1
turn,VB,2
plazas,NN,1
plant,NN,2
trees,NNS,4
turn,NN,1
schools,NNS,2
capitals,NNS,3
open,JJ,1
sports,NNS,1
recreation,NN,1
weekends,NNS,1
pandemic,JJ,7
proved,VBD,2
trial,NN,2
might,MD,9
work,VB,2
practice,NN,3
led,VBD,3
bodies,NNS,1
UN,NNP,1
Habitat,NNP,1
C40,NNP,1
Global,NNP,2
Cities,NNP,1
Climate,NNP,1
Network,NNP,1
Federation,NNP,1
United,NNP,3
Local,NNP,1
Governments,NNP,1
championing,VBG,1
cause,NN,3
helped,VBD,2
boost,VB,1
unhinged,JJ,1
fantasies,NNS,1
grand,JJ,1
scheme,NN,3
totalitarian,JJ,2
oppression,NN,1
recently,RB,8
principles,NNS,3
gained,VBN,1
traction,NN,1
Oxford,NNP,3
Birmingham,NNP,1
Bristol,NNP,1
Canterbury,NNP,2
councils,NNS,1
considering,VBG,1
Cue,NNP,1
flog,VB,1
climate,NN,6
change,NN,4
lockdowns,NNS,1
Nigel,NNP,1
Farage,NNP,1
innocuous,JJ,1
filtering,VBG,1
triggered,VBD,1
ripples,NNS,1
incredulous,JJ,1
fury.,NNS,1
Oxfordshire,NNP,1
County,NNP,1
Council,NNP,1
yesterday,NN,2
approved,VBD,1
lock,VB,1
six,CD,2
zones,NNS,1
save,VB,1
planet,NN,2
warming,NN,1
screamed,VBD,1
alarmist,NN,1
headline,NN,1
latest,JJS,3
stage,NN,1
agenda,NN,2
place,VB,1
electronic,JJ,1
gates,NNS,1
key,JJ,7
confining,VBG,1
neighbourhoods.,NN,1
zero,CD,1
basis,NN,1
fact,NN,5
poured,VBD,1
fuel,NN,2
fire,NN,1
battling,VBG,1
fellow,JJ,1
band,NN,4
assorted,JJ,1
warriors,NNS,1
seems,VBZ,8
fitting,VBG,1
leaflet,NN,1
drop,NN,1
filters,NNS,1
organised,VBN,3
Future,NN,2
–,VBZ,8
pressure,NN,1
led,VBN,1
none,NN,1
Fred,NNP,2
Richard,NNP,1
Fairbrass,NNP,1
1990s,CD,2
turned,VBD,2
anti-vaxxers,NNS,1
Right,NNP,1
Said,NNP,1
sexy,JJ,1
car,NN,3
Maybe,RB,1
try,VB,2
cycling,VBG,1
Oliver,NNP,1
Wainwright,NNP,1
architecture,NN,1
design,NN,3
critic,NN,1
independent,JJ,4
Scotland,NNP,19
hindered,VBN,2
Nicola,NNP,8
Sturgeon,NNP,44
departure,NN,10
advanced,VBN,2
eight,CD,4
remarkable,JJ,2
failed,VBD,4
bring,VB,3
statehood,NN,2
closer,NN,2
question,NN,8
intransigence,NN,2
postponed,VBD,2
n,JJ,1
strategic,JJ,2
error,NN,2
predecessor,NN,2
Alex,NNP,3
Salmond,NNP,8
lost,VBD,3
independence,NN,17
referendum,NN,7
assumed,VBD,1
charisma,NN,1
swiftly,RB,1
erode,VB,1
%,NN,12
turnout,NN,1
continued,VBN,1
union,NN,3
secure,VB,2
victorious,JJ,1
rerun,NN,1
poll,NN,1
Despite,IN,1
electoral,JJ,5
successes,NNS,1
seriously,RB,2
dented,VBD,1
visceral,JJ,1
anti-Englishness,NN,1
courtroom,NN,1
battles,NNS,1
likely,JJ,6
win,VB,2
foolishly,RB,1
rejected,VBN,1
David,NNP,1
Cameron,NNP,2
offer,NN,1
second,JJ,5
option,NN,3
devo,NN,2
max,NN,4
radically,RB,1
enhanced,JJ,1
Scottish,JJ,16
autonomy,NN,4
certainly,RB,2
passed,VBN,2
polls,NNS,2
indicating,VBG,1
among,IN,6
voters,NNS,6
devo,JJ,1
constitutional,JJ,5
worms,NNS,1
wished,VBN,1
begun,VBN,2
drastic,JJ,1
restructuring,NN,1
economy,NN,4
dependence,NN,1
therefore,RB,1
control,NN,2
least,JJS,4
put,VBN,3
serious,JJ,3
realm,NN,1
plausibility,NN,1
SNP,JJ,1
towards,RB,1
greater,JJR,1
forward,RB,2
possibly,RB,1
aided,VBN,1
sensible,JJ,2
open-minded,JJ,1
leaders,NNS,4
parties,NNS,1
issue,NN,6
bordered,VBD,1
theological,JJ,1
bust,NN,1
serfdom,NN,1
wanted,VBD,1
currency,NN,1
debt,NN,1
border,NN,2
membership,NN,1
EU,NNP,4
weapons,NNS,2
soil,NN,1
fantasy,JJ,1
point,NN,5
engage,VB,1
elephant,NN,1
economics,NNS,1
Gazing,VBG,1
across,IN,7
Irish,NNP,1
Sea,NNP,2
study,VB,1
experience,NN,3
century,NN,4
ago,RB,6
British,JJ,10
rule,NN,2
poorest,JJS,1
nations,NNS,1
Europe,NNP,3
Depending,VBG,1
definition,NN,1
Dublin,NNP,1
austerity,NN,2
pain,NN,1
including,VBG,3
meagre,NN,2
welfare,NN,2
state,NN,7
1980s,CD,2
achieve,VB,1
indicators,NNS,1
growth,NN,2
net,JJ,2
inflow,NN,1
investment,NN,2
population,NN,1
talent,NN,2
Celtic,NNP,1
tiger,NN,2
status,NN,1
tartan,JJ,1
leadership,NN,9
enabled,VBD,1
Scots,NNP,4
cake,NN,1
eat,NN,1
fierce,JJ,1
nationalism,NN,1
gave,VBD,3
emotional,JJ,1
satisfaction,NN,2
ran,VBD,1
hospitals,NNS,1
trains,NNS,1
order,NN,1
Covid,NNP,4
administrative,JJ,1
discretion,NN,1
Limited,VBN,1
scope,NN,2
raise,VB,2
top,JJ,1
income,NN,1
taxes,NNS,2
generous,JJ,2
package,NN,1
free,JJ,3
student,NN,1
tuition,NN,1
deliver,VB,3
conspicuously,RB,1
better,RBR,2
depended,VBD,1
heavily,RB,1
annual,JJ,2
subsidy,NN,1
budget,NN,2
deficit,NN,1
2020-21,CD,1
GDP,NNP,1
largest,JJS,3
nation,NN,1
western,JJ,5
world,NN,5
though,IN,6
surging,JJ,1
oil,NN,2
gas,NN,6
revenues,NNS,1
cut,VBN,1
back,RB,7
Similarly,RB,1
sized,VBN,1
Denmark,NNP,1
runs,VBZ,2
surplus,NN,1
government,NN,20
grant,NN,1
announced,VBD,4
October,NNP,1
record,NN,2
£41bn,NN,1
treasury,NN,1
find,VB,2
standard,NN,1
foreseeable,JJ,1
shows,VBZ,3
path,NN,5
dependency,NN,1
neither,CC,1
easy,JJ,4
swift,JJ,1
Federal,JJ,1
constitutions,NNS,1
Spain,NNP,1
Switzerland,NNP,1
Germany,NNP,1
indicate,VBP,1
key,NN,1
autonomy,VB,1
fiscal,JJ,4
capacity,NN,2
grow,VB,1
earn,FW,1
spend,VB,5
policies,NNS,3
ordained,VBN,1
Basques,NNP,1
Swiss,JJ,1
cantons,NNS,1
enjoy,VBP,1
discretions,NNS,1
unthinkable,JJ,1
Treasury,NNP,1
self-sufficiency,NN,1
Advocates,NNS,1
persistently,RB,1
fail,VBP,2
confront,VB,1
reason,NN,4
approach,VB,1
prosperity,NN,1
Scandinavia,NNP,1
Decades,NNP,1
reliance,NN,1
centralist,JJ,1
crippled,VBN,1
Wales,NNP,2
Northern,NNP,2
Devo,NNP,1
aim,VB,1
embrace,VB,1
along,IN,1
Norway,NNP,1
links,NNS,1
single,JJ,1
conceivably,RB,1
join,VB,1
revitalised,JJ,1
Brexit,NNP,4
protocol,NN,1
ingeniously,RB,1
returning,VBG,1
trading,NN,2
regime,NN,1
trade,VB,1
digital,JJ,1
complicated,VBN,1
showing,VBG,1
honour,VB,1
vote,NN,2
federalism,NN,1
debated,VBN,1
fringes,NNS,1
effort,NN,2
confrontation,NN,1
Federalism,NNP,1
covers,VBZ,1
spectrum,NN,1
options,NNS,2
purpose,NN,2
offer,VB,1
freer,NN,1
hand,NN,1
relief,NN,1
heavy,JJ,2
burden,NN,1
denied,VBN,1
19th,JJ,1
true,JJ,2
crown,NN,1
granted,VBN,1
old,JJ,4
Kingdom,NNP,2
successor,NN,2
outcome,NN,1
mercifully,RB,1
peace,NN,1
prepare,VB,2
view,NN,1
sadly,RB,1
eventual,JJ,1
choice,NN,3
Simon,NNP,2
Jenkins,NNP,1
vultures,NNS,2
circling,VBG,2
weeks,NNS,5
resignation,NN,10
SNP,NNP,17
comes,VBZ,7
lightning,VBG,2
bolt,NN,2
especially,RB,4
threatening,VBG,2
sky,NN,5
trigger,VB,2
convulsion,NN,2
politics,NNS,11
implications,NNS,2
felt,VBN,2
whole,JJ,4
statement,NN,1
Bute,NNP,1
House,NNP,2
showed,VBD,1
formidable,JJ,1
act,NN,1
follow,VB,1
much,JJ,7
say,VB,4
eloquently,RB,1
speech,NN,12
long,JJ,2
Even,RB,2
spoke,VBD,1
sense,VB,1
cruelly,RB,1
turning,VBG,3
consider,VB,1
post-Sturgeon,NN,1
era,NN,2
commonplace,NN,2
track,VBP,1
called,VBD,1
late,JJ,1
imperial,JJ,1
phase,NN,1
lose,VB,1
touch,JJ,1
hence,NN,1
hold,JJ,1
compared,VBN,1
mother-of-the-nation,JJ,1
mastery,NN,1
ranks,NNS,1
Scottish,NNP,1
party,NN,25
self-disciplined,JJ,1
tongue-holding,JJ,1
force,NN,3
islands,NNS,2
outside,IN,4
Sinn,NNP,1
Féin,NNP,1
criticisms,NNS,1
disagreements,NNS,1
voiced,VBN,1
emerges,VBZ,1
constellation,NN,1
proximate,NN,1
causes,NNS,1
handling,NN,2
gender,NN,4
recognition,NN,4
laws,NNS,1
unpopular,JJ,1
uncharacteristically,RB,1
footed,VBN,1
strategy,NN,4
divide,NN,4
–,WDT,1
heading,VBG,1
cul-de-sac,NN,1
domestic,JJ,3
come,VBN,1
unusually,RB,1
intense,JJ,1
scathing,JJ,1
challenge,NN,6
performances,NNS,1
Holyrood,NNP,1
press,NN,1
conferences,NNS,1
rate,NN,2
accomplished,JJ,1
performer,NN,1
end,NN,2
surely,RB,2
put,VB,2
succeeding,VBG,1
deputy,NN,1
nearly,RB,1
ideal,JJ,1
number,NN,3
serve,VB,1
Angela,NNP,2
Merkel,NNP,3
Jacinda,NNP,3
Ardern,NNP,3
simply,RB,5
enough,JJ,1
tank,NN,1
triggers,VBZ,1
contest,NN,2
contenders,NNS,2
possess,VBP,1
fraction,NN,2
brand,NN,1
self-evident,JJ,1
waiting,VBG,2
believe,VB,1
Kate,NNP,2
Forbes,NNP,4
finance,NN,3
secretary,NN,4
possesses,VBZ,1
Napoleon,NNP,1
marshal,JJ,1
baton,NN,1
knapsack,NN,1
talented,VBN,1
relatively,RB,1
untested,JJ,2
much,RB,6
less,RBR,6
liberal,JJ,1
progressive,NN,1
background,NN,1
either,DT,1
abortion,NN,1
ironic,JJ,1
equipped,VBD,1
reach,VB,1
longer,RB,1
short,JJ,3
run,NN,2
navigate,VB,1
predictable,JJ,1
special,JJ,5
conference,NN,2
month,NN,3
saying,VBG,1
free,VB,1
choose,VB,2
necessarily,RB,1
successful,JJ,3
falls,VBZ,1
medium,NN,1
term,NN,2
robs,VBZ,1
greatest,JJS,2
individual,JJ,3
asset,NN,1
outrageous,JJ,1
claim,VB,1
one-woman,JJ,1
one-man,JJ,1
always,RB,8
front,NN,1
campaigns,NNS,1
without,IN,5
allure,NN,1
confidence,NN,2
Keir,NNP,4
Starmer,NNP,16
general,JJ,4
election,NN,6
chances,NNS,2
boosted,VBD,1
though,RB,1
posed,VBN,1
watershed,JJ,1
moment,NN,4
unionists,VBZ,1
quietly,RB,2
crave,JJ,1
nationalists,NNS,1
frank,JJ,1
fear,VBP,1
mean,NN,1
reflect,VBP,2
nationalist,JJ,1
tide,NN,1
little,RB,1
secure,JJ,1
tonight,NN,1
ascendancy,NN,1
Many,JJ,1
think,VB,1
answer,NN,2
yes,RB,1
wrong,JJ,2
subject,JJ,1
Martin,NNP,1
Kettle,NNP,1
Centrica,NNP,4
company,NN,7
owns,VBZ,2
British,NNP,3
posted,VBN,2
record,JJ,2
profits,NNS,13
£3,NNP,2
3bn,CD,2
tripling,VBG,2
results,NNS,4
pay,VB,2
dividend,NN,2
shareholders,NNS,5
£200m,NN,2
£300m,NN,2
share,NN,4
buybacks,NNS,2
cost,NN,4
living,VBG,2
deepening,NN,3
following,VBG,4
prepayment,JJ,2
meter,NN,2
monster,NN,2
prompted,VBN,3
anger,NN,3
justified,JJ,2
entrica,NN,1
Gas,NNP,4
course,NN,8
hardly,RB,5
energy,NN,18
announcing,VBG,2
staggering,VBG,1
windfalls,NNS,1
Shell,NNP,1
reported,VBD,1
£32bn,NN,1
BP,NNP,2
declared,VBD,4
£23bn,NNP,1
historic,JJ,2
translated,VBN,1
spectacular,JJ,1
rewards,NNS,1
instance,NN,1
£11,NNP,1
8bn,CD,1
shareholder,NN,4
payouts,NNS,3
invested,VBD,1
low,JJ,2
carbon,NN,1
activities,NNS,1
emergency,NN,3
inequality,NN,1
intersect,NN,1
intensify,NN,1
household,NN,2
bills,NNS,2
soar,VBP,1
companies,NNS,4
using,VBG,5
surging,VBG,1
increase,VB,2
fossil,JJ,2
production,NN,1
sector,NN,4
inseparable,JJ,1
soaring,VBG,1
wholesale,JJ,2
Putin,NNP,3
invasion,NN,3
Ukraine,NNP,3
However,RB,2
looking,VBG,5
bonnet,NN,1
reveals,NNS,1
exorbitant,JJ,1
commodity,NN,1
segment,NN,2
grew,VBD,1
20-fold,JJ,1
£1,VB,1
4bn,CD,1
woefully,RB,1
under-supplied,JJ,1
storage,NN,1
quadrupled,VBN,1
£339m,VB,1
generation,NN,3
phenomenal,JJ,1
margin,NN,1
thanks,NNS,1
large,JJ,2
stake,NN,1
EDF,NNP,1
nuclear,JJ,3
fleet,NN,1
Higher,JJR,1
feed,VBP,1
rising,VBG,2
Remarkably,RB,1
electricity,NN,1
supply,NN,4
produced,VBD,2
profit,NN,1
despite,IN,4
squeeze,NN,1
massively,RB,1
higher,JJR,1
costs,NNS,2
contribute,VB,2
significantly,RB,1
overall,JJ,2
lesson,NN,2
suppliers,NNS,1
comfortably,RB,1
cushioned,VBN,1
colossal,JJ,1
elsewhere,RB,1
shield,VB,1
customers,NNS,1
Given,VBN,6
fury,NN,2
keep,VBP,2
obviously,RB,2
broken,JJ,1
reformed,VBN,1
appearances,NNS,1
broken,VBN,1
transferring,VBG,1
concentrating,VBG,1
wealth,NN,4
upwards,NNS,1
operating,VBG,1
exactly,RB,3
designed,VBN,3
rules,NNS,1
govern,VBP,1
modern,JJ,2
corporation,NN,1
financial,JJ,3
markets,NNS,1
discipline,VBP,1
operate,VB,1
fundamental,JJ,2
goal,NN,2
delivery,NN,7
secure,NN,1
affordable,JJ,1
clean,JJ,1
Instead,RB,4
maximisation,NN,1
delivering,VBG,2
root,NN,2
privatised,JJ,1
for-profit,JJ,1
align,VB,1
systemic,JJ,2
resolution,NN,1
requires,VBZ,2
structural,JJ,1
transformation,NN,1
external,JJ,2
shocks,NNS,1
extension,NN,1
windfall,JJ,1
tax,NN,3
urgent,JJ,1
necessity,NN,1
resolve,VB,2
dynamic,NN,2
power,NN,9
privately,RB,2
owned,VBN,1
corporations,NNS,1
legally,RB,1
required,VBN,1
maximise,VB,1
effective,JJ,2
solution,NN,2
deployment,NN,1
older,JJR,1
common,JJ,1
tool,NN,1
used,VBN,4
manage,VB,2
shared,JJ,1
infrastructure,NN,1
ownership,NN,3
Taking,VBG,3
wider,RBR,1
renewable,JJ,1
ensure,VB,1
eliminate,VB,1
extraction,NN,2
Moreover,RB,1
spur,NN,1
rapid,JJ,1
decarbonisation,NN,1
on-shoring,NN,1
green,JJ,1
industrial,JJ,1
chains,NNS,1
post-carbon,JJ,1
Today,NN,1
Last,JJ,1
giants,NNS,1
pattern,NN,1
fossils,NNS,1
Earth,NNP,1
continue,VB,2
context,NN,4
deeply,NN,1
entangled,VBN,1
ambitious,JJ,2
reform,NN,2
surest,JJS,1
toward,IN,1
works,VBZ,1
Mathew,NNP,1
Lawrence,NNP,1
director,NN,2
Common,NNP,1
Wealth,NNP,1
co-author,NN,1
Owning,VBG,1
Adrienne,NNP,1
Buller,NNP,1
Friends,NNP,1
Firsat,NNP,2
Dag,NNP,3
25-year-old,JJ,2
Kurdish,NNP,2
asylum,NN,16
seeker,NN,2
escape,VB,3
violence,NN,2
stabbed,VBN,2
park,NN,2
isolated,JJ,2
incident,NN,3
surrounding,VBG,2
murder,NN,3
gangs,NNS,2
followed,VBD,3
refugee,JJ,2
–,CD,2
five-year-old,JJ,2
boy,NN,2
attacked,VBN,2
baseball,NN,2
bat,NN,2
according,VBG,2
anti-racist,JJ,2
hundreds,NNS,3
held,VBD,2
protests,NNS,3
seekers,NNS,7
deprived,VBN,2
riends,NNS,1
kind,NN,1
violent,JJ,1
escalation,NN,1
fear,VB,1
happening,VBG,1
riot,NN,1
Knowsley,NNP,2
Friday,NNP,1
place,NN,4
Glasgow,NNP,2
inflammatory,JJ,1
rhetoric,NN,2
played,VBD,1
early,JJ,2
2000s,CD,1
Britain,NNP,11
grips,NNS,1
tabloid-driven,JJ,1
moral,JJ,2
panic,NN,1
Far-right,JJ,1
groups,NNS,3
trying,VBG,3
whip,VB,1
anti-refugee,JJ,1
sentiment,NN,1
holding,VBG,4
demonstrations,NNS,1
xenophobic,JJ,1
backlash,NN,1
risk,NN,1
immigration,NN,3
becomes,VBZ,1
fought-over,JJ,1
attempts,NNS,2
tiny,JJ,4
far-right,JJ,2
scene,NN,1
sensing,VBG,1
opportunity,NN,2
tough,JJ,3
stir,VB,1
resentment,NN,2
politicians,NNS,2
rightly,RB,1
criticised,VBN,1
pick,VBP,1
points,NNS,1
underlying,VBG,1
source,NN,3
trouble,NN,1
aimed,VBN,1
keep,VB,2
seeking,VBG,1
refuge,NN,1
walled,VBD,1
rest,NN,1
banned,VBN,1
wait,VBP,1
heard,VBN,1
subsist,VB,1
payments,NNS,2
administered,VBN,1
Office,NNP,9
£45,VBD,1
£9,NNP,1
placed,VBN,2
hotel,NN,2
parallel,NN,1
regular,JJ,1
benefits,NNS,1
Unless,IN,1
independently,RB,1
wealthy,JJ,1
asylum,JJ,2
choose,NN,1
sent,VBN,2
various,JJ,1
dispersal,NN,2
policy,NN,4
isolates,VBZ,1
community,NN,2
networks,NNS,2
result,NN,3
governments,NNS,3
limbo,NN,1
decides,NNS,1
cases,NNS,5
reducing,VBG,1
hostility,NN,2
goes,VBZ,2
argument,NN,3
accusations,NNS,1
stealing,VBG,1
scattered,VBN,1
kept,VB,1
penury,NN,1
easily,RB,1
accused,VBN,1
drain,NN,1
opposite,JJ,1
effect,NN,2
Subsistence,NN,1
precarious,JJ,1
however,RB,1
compound,VB,1
trauma,NN,1
fled,VBN,1
war,NN,5
persecution,NN,1
maliciously,RB,1
spun,VBN,1
freebies,NNS,1
Accommodation,NNP,1
long,RB,3
poorer,JJR,1
partly,RB,2
wealthier,JJR,1
fuss,NN,1
civil,JJ,5
servants,NNS,4
apologised,VBN,1
placing,VBG,1
well-heeled,JJ,1
Essex,NNP,1
town,NN,2
Witham,NNP,1
happened,VBD,1
Priti,NNP,1
Patel,NNP,1
treats,VBZ,2
subjects,NNS,1
unwanted,JJ,1
material,NN,1
tidied,VBN,1
breed,VB,1
stigma,NN,1
worse,RBR,1
coalition,NN,1
privatised,VBD,1
accommodation,NN,1
chaotic,JJ,2
mix,NN,1
Since,IN,2
use,NN,4
hotels,NNS,1
requisitioned,VBN,1
soared,VBN,1
initially,RB,1
measure,NN,1
growing,VBG,1
backlog,NN,2
means,VBZ,2
private,JJ,2
run,VBN,1
space,NN,2
Hotels,NNP,1
target,NN,1
right,JJ,3
hired,VBN,1
notice,NN,1
little,JJ,5
consultation,NN,1
creates,VBZ,1
potential,NN,1
One,CD,2
told,VBD,4
beyond,IN,1
immediate,JJ,1
trigger,NN,1
unhappy,JJ,2
locals,NNS,1
weddings,NNS,1
processes,NNS,3
Suella,NNP,1
Braverman,NNP,3
mean,VB,2
hardline,JJ,1
presents,VBZ,1
politician,NN,3
dysfunction,NN,2
stop,VB,2
weak,JJ,3
inaugural,JJ,1
signalled,VBD,1
cordial,JJ,1
relationship,NN,5
speaking,NN,1
wellbeing,VBG,1
knowledge,NN,1
anonymous,JJ,1
briefings,NNS,1
seem,VBP,2
stopped,VBN,2
continues,VBZ,1
November,NNP,1
whistleblower,NN,1
claimed,VBD,1
department,NN,1
hiring,VBG,1
temporary,JJ,2
inexperienced,JJ,1
customer,NN,1
McDonald,NNP,1
Tesco,NNP,1
decisions,NNS,1
clear,VB,1
Staff,NNP,1
overcrowding,NN,1
unsafe,JJ,1
unhygienic,JJ,1
conditions,NNS,3
Manston,NNP,1
processing,NN,1
Kent,NNP,1
autumn,NN,1
trade,NN,1
court,NN,1
clearly,RB,4
problem,NN,3
boss,NN,1
decision,NN,2
boats,NNS,1
pledges,NNS,2
expresses,VBZ,1
politely,RB,2
fully,RB,3
drop,VB,1
measures,NNS,4
recommended,VBN,1
review,NN,2
Windrush,NNP,1
halt,NN,1
Channel,NNP,1
crossings,NNS,1
unlikely,JJ,1
achieved,VBN,1
unless,IN,2
merely,RB,2
stowing,VBG,1
lorries,NNS,1
largely,RB,1
stand,VBP,1
risks,VBZ,1
repeat,NN,1
migration,NN,1
pledge,NN,1
inflamed,VBD,1
created,VBD,1
incentive,NN,1
punitive,JJ,1
come,VB,4
happens,VBZ,2
return,NN,1
blame,NN,1
game,NN,1
ministers,NNS,3
feel,VB,2
situation,NN,1
hopeless,JJ,1
lack,NN,2
alternatives,NNS,1
proposes,VBZ,1
humane,NN,1
efficient,NN,1
leading,JJ,1
MPs,NNP,1
support,VB,2
electronically,RB,1
tag,VB,1
wider,JJ,1
reaching,NN,1
possible,JJ,2
aims,VBZ,3
undo,VB,1
damage,NN,2
run,VBP,1
Westminster,NNP,2
accessing,VBG,1
job,NN,2
training,NN,1
language,NN,1
skills,NNS,3
making,VBG,4
connections,NNS,1
communities,NNS,7
housed,VBN,1
arrive,VBP,1
direct,JJ,4
efforts,NNS,4
remains,VBZ,1
area,NN,1
boasts,VBZ,1
resistance,NN,1
overbearing,VBG,1
happen,NN,1
accident,NN,1
need,VBP,1
built,VBN,4
ordinary,JJ,1
activists,NNS,1
cynical,JJ,1
claim,NN,1
migrants,NNS,1
expense,NN,3
neighbours,NNS,2
Daniel,NNP,1
Trilling,NNP,1
contributor,NN,1
Broke,NNP,1
Fixing,VBG,1
Poverty,NNP,1
Crisis,NNP,1
published,VBN,1
March,NNP,1
Long,NNP,1
May,NNP,4
American,JJ,2
U-2,NNP,4
spy,NN,5
plane,NN,7
Pakistan,NNP,2
fly,VB,2
altitude,NN,2
Soviet,NNP,3
Union,NNP,3
mission,NN,6
photograph,VB,2
facilities,NNS,3
military,JJ,8
sites,NNS,2
behalf,NN,2
CIA,NNP,2
Russians,NNPS,2
shot,VB,2
pilot,NN,4
Gary,NNP,2
Powers,NNP,3
managed,VBD,2
descend,VB,2
parachute,NN,2
arrested,VBN,2
Washington,NNP,6
Eisenhower,NNP,2
administration,NN,3
lied,VBD,2
claiming,VBG,4
weather,NN,2
strayed,VBN,2
difficulties,NNS,2
oxygen,NN,2
equipment,NN,2
sound,NN,2
familiar,JJ,2
.ong,RB,1
.The,FW,1
poisoning,NN,1
US-Soviet,JJ,1
relations,NNS,3
Kremlin,NNP,2
theatre,NN,1
Moscow,NNP,2
subjected,VBD,1
Powers,NNPS,1
highly,RB,1
publicised,JJ,1
criminal,JJ,2
10-year,JJ,1
sentence,NN,1
portrayed,VBN,1
all-American,JJ,1
clean-cut,JJ,1
hero,NN,1
neither,DT,2
smoked,VBD,1
drank,NN,1
spite,NN,1
mutual,JJ,1
side,NN,2
genuinely,RB,1
shocked,VBN,1
accepted,VBN,1
spying,VBG,2
routine,JJ,1
technology,NN,3
improvements,NNS,1
information-gathering,JJ,1
systems,NNS,5
immemorial,JJ,1
analogy,NN,1
downing,NN,1
Chinese,JJ,5
high-altitude,JJ,1
balloon,NN,6
intruded,VBD,1
airspace,NN,2
hurricane,NN,1
hypocritical,JJ,1
Republicans,NNPS,1
attacked,VBD,1
Joe,NNP,3
Biden,NNP,4
failing,VBG,5
protect,VB,4
security,NN,7
shot,VBN,2
intruding,NN,1
soon,RB,1
spotted,VBN,2
Fearful,NNP,1
run,VB,1
ordered,VBD,2
delay,VB,1
planned,JJ,1
visit,NN,1
Beijing,NNP,5
pathetic,JJ,3
row,NN,2
promptly,RB,2
forestalled,VBD,1
charges,NNS,1
defence,NN,4
RAF,NNP,1
jets,NNS,1
standby,NN,1
shoot,VB,1
balloons,NNS,3
penetrated,VBD,1
satellites,NNS,3
doughty,JJ,1
pilots,NNS,1
spy,VB,1
states,NNS,3
capabilities,NNS,1
widespread,JJ,1
covert,JJ,1
tools,NNS,2
discover,VB,1
intentions,NNS,2
methods,NNS,1
constantly,RB,1
updated,VBN,1
Listening,VBG,1
devices,NNS,1
phone-tapping,NN,1
supplemented,VBN,1
cyber,VBG,1
hack,VB,1
messaging,VBG,1
Israeli,JJ,2
NSO,NNP,1
Group,NNP,1
–,VBN,1
documented,VBN,1
developed,VBD,1
Pegasus,NNP,1
listen,VB,5
conversations,NNS,3
read,VBP,1
SMS,NNP,1
texts,NN,1
take,VBP,2
screenshots,NNS,1
access,NN,3
lists,NNS,1
contacts,NNS,1
sold,VBN,1
range,NN,1
authoritarian,JJ,1
foreign,JJ,4
monitor,VB,1
citizens,NNS,1
behaviour,NN,1
Phone-tapping,NN,1
cyber,NN,1
potential,JJ,2
actual,JJ,2
enemies,NNS,3
Remember,VB,1
erupted,VBD,1
Barack,NNP,1
Obama,NNP,1
presidency,NN,1
Edward,NNP,1
Snowden,NNP,1
revealed,VBD,1
Security,NNP,1
Agency,NNP,1
listening,VBG,2
German,NNP,1
mobile,JJ,1
Germans,NNPS,1
almost,RB,3
embarrassed,JJ,1
Americans,NNPS,1
angrily,RB,1
friends,NNS,1
inquiry,NN,2
German,JJ,1
federal,JJ,1
prosecutor,NN,1
dropped,VBN,1
Let,VB,1
face,NN,1
Spying,VBG,1
benefit,NN,1
countries,NNS,4
know,VBP,4
enemy,NN,2
better,JJR,3
usually,RB,4
Starting,VBG,1
hostilities,NNS,1
accurate,JJ,1
up-to-date,JJ,1
army,NN,2
Vladimir,NNP,2
February,NNP,1
.Understanding,VBG,1
important,JJ,4
intelligence-gathering,NN,1
performed,VBN,1
spies,NNS,1
diplomats,NNS,1
non-governmental,JJ,1
analysts,NNS,1
called,VBN,2
technical,JJ,1
means,NNS,1
crucial,JJ,1
provide,VB,1
empathy,JJ,1
Put,VB,1
shoes,NNS,2
Understand,VBP,1
history,NN,2
pressures,NNS,1
doubt,NN,2
China,NNP,14
leading,VBG,1
rivals,NNS,1
competitors,NNS,1
Everything,NN,1
slip,VB,1
mindset,NN,1
hostile,JJ,1
Peace,NN,1
Asia,NNP,1
indeed,RB,1
hijacked,VBN,1
hysterical,JJ,1
excitement,NN,1
roving,JJ,1
Jonathan,NNP,1
Steele,NNP,1
former,JJ,5
correspondent,NN,1
Sometimes,NNP,1
appear,VBP,3
form,NN,3
orb,NN,2
light,NN,2
pass,VB,3
solid,JJ,2
objects,NNS,6
buildings,NNS,2
Sometimes,VB,2
strange,JJ,2
mist,NN,2
descends,VBZ,2
nowhere,RB,3
increasing,VBG,4
object,NN,2
naked,JJ,3
eye,NN,3
photographic,JJ,3
image,NN,2
ometimes,NNS,1
examples,NNS,1
UFOs,NNP,2
literally,RB,1
unidentified,JJ,1
flying,VBG,3
skies,NNS,1
wake,NN,1
shooting,VBG,2
suspected,JJ,1
plus,CC,1
identify,VB,2
experts,NNS,1
say,VBP,2
lot,NN,2
kinds,NNS,1
sightings,NNS,7
UFO,NNP,7
researcher,NN,1
treat,VBP,1
scepticism,NN,1
scientific,JJ,2
rigour,NN,2
hopes,VBZ,1
explained,VBN,1
head,NN,2
investigations,NNS,2
Research,NNP,2
Association,NNP,2
Bufora,NNP,2
team,NN,1
investigate,VBP,1
public,NN,1
Often,IN,1
grainy,NN,1
mobile,IN,1
footage,NN,1
dusk,NN,1
require,VBP,1
witnesses,NNS,2
fill,VB,2
detailed,JJ,1
explaining,VBG,1
heard,NN,1
smelled,VBD,1
event,NN,2
promise,VBP,1
treat,VB,1
confidentially,RB,1
objectively,RB,1
find,VBP,1
simple,JJ,2
explanation,NN,2
Typically,RB,1
receive,VBP,1
report,NN,1
look,NN,1
pass,NN,1
analyst,NN,1
Mark,NNP,1
Easen,NNP,1
Objects,VBZ,1
commonly,RB,1
turn,VBP,1
drones,NNS,1
aircraft,NN,2
satellites,VBZ,1
meteors,NNS,1
lanterns,NNS,1
birds,NNS,1
Elon,NNP,1
Musk,NNP,1
SpaceX,NNP,1
Starlink,NNP,1
inundated,VBN,1
small,JJ,3
pinpricks,NNS,1
light,JJ,1
steadily,RB,1
finding,VBG,1
airports,NNS,1
bases,NNS,1
nearby,RB,1
observed,VBN,1
know,VB,1
speck,NN,1
dust,NN,1
camera,NN,1
lens,VBZ,1
insect,NN,1
shot,NN,1
reflection,NN,1
seatbelt,NN,1
buckle,NN,1
window,NN,1
First,NNP,1
rule,VBP,1
obvious,JJ,3
looks,VBZ,1
flies,NNS,1
Reports,NNS,1
follow,VBP,1
patterns,NNS,1
trends,NNS,1
changing,VBG,2
landscape,NN,3
not-too-distant,JJ,1
past,NN,1
unexplainable,JJ,1
phenomena,NN,1
tended,VBD,1
reported,VBN,2
fairies,NNS,1
goblins,NNS,1
folklore,NN,2
mythology,NN,1
sci-fi,JJ,1
films,NNS,1
affect,VBP,1
interpret,VBP,2
particular,JJ,1
type,NN,1
sighting,VBG,1
call,VBP,1
strangeness,NN,1
HSS,NNP,2
someone,NN,2
close,JJ,2
something,NN,4
unknown,JJ,1
origin,NN,2
X-Files,NNP,1
hugely,RB,1
influential,JJ,1
rare,VBP,1
lockdown,JJ,2
People,NNS,1
scared,VBN,1
understandably,RB,1
became,VBD,2
interested,JJ,2
lived,VBD,1
1970s,CD,1
early,RB,1
80s,CD,1
dad,NN,1
aeronautical,JJ,1
engineer,NN,1
Nasa,NNP,1
experiences,NNS,1
boundaries,NNS,1
understand,VBP,1
subject,NN,1
embraces,VBZ,1
huge,JJ,2
diverse,JJ,1
science,NN,2
religion,NN,1
myth,NN,1
paranormal,NN,1
neuroscience,NN,1
philosophy,NN,1
memory,NN,3
lay,VBP,1
long-term,JJ,1
slightly,RB,1
edited,VBN,1
add,VBP,1
TV,NN,2
programme,NN,1
foolish,JJ,1
report,VBP,1
fascinated,VBN,1
ways,NNS,3
believe,VBP,2
extraterrestrial,JJ,2
contact,NN,1
hear,VBP,1
identified,VBN,1
spent,NN,1
evidence,NN,2
definitive,JJ,1
proof,NN,1
mind,NN,2
possibility,NN,2
sceptical,JJ,1
properly,RB,1
JBS,NNP,1
Haldane,NNP,1
suspicion,NN,1
universe,NN,1
queerer,JJR,2
suppose,VBP,1
suppose.,VB,1
Personally,NNP,1
rational,JJ,1
mysteries,NNS,1
wonder,VBP,1
narratives,VBZ,1
humans,NNS,1
invent,VB,1
explain,VB,2
tomorrow,NN,1
fiction,NN,1
science,VB,1
expert,VB,1
analysis,NN,2
able,JJ,2
eventually,RB,2
suspect,VBP,2
hope,VBP,1
Heather,NNP,1
Dixon,NNP,1
satisfying,VBG,2
thing,NN,6
occurs,VBZ,2
stop,VBP,2
frequenting,VBG,2
Facebook,NNP,2
plummeting,VBG,2
engagement,NN,2
whipped,VBD,2
platform,NN,2
frenzy,NN,2
desperate,JJ,2
invitations,NNS,2
prompts,NNS,2
Fresh,NNP,2
Direct,NNP,2
fill,VBP,2
basket,NN,2
groceries,NNS,2
recommend,VB,2
enough,NN,2
withholding,VBG,2
check,NN,3
triggering,VBG,2
bunch,NN,2
wheedling,VBG,2
automated,VBN,2
begging,VBG,3
Uber,NNP,2
Eats,NNP,2
ordered,VBN,1
stopped,VBD,1
causing,VBG,1
issue,VB,1
flurry,NN,1
semi-hysterical,JJ,1
offers,NNS,1
spam,NN,1
text,NN,1
notification,NN,1
reminds,VBZ,1
saving,NN,1
like,VBP,2
rejecting,VBG,2
exercise,NN,1
thrill,VB,1
rejection,NN,1
hurting,VBG,1
feelings,NNS,1
bigger,JJR,1
picture,NN,1
consumer,NN,2
trend,NN,2
convenience-related,JJ,1
surged,VBD,1
Companies,NNS,1
boomed,VBD,3
attracted,VBD,1
millions,NNS,2
starting,VBG,1
wither,VB,2
habits,NNS,3
instant,JJ,1
startups,NNS,1
Buyk,NNP,1
Jokr,NNP,1
briefly,NN,2
declaring,VBG,1
bankruptcy,NN,1
pulling,VBG,1
meal-kit,JJ,1
Blue,NNP,1
Apron,NNP,1
price,NN,1
plunge,NN,1
risen,VBN,1
pricey,JJ,1
convenience,NN,2
products,NNS,1
dwindled,VBN,1
Stitch,NNP,1
Fix,NNP,1
clothing,NN,1
mass,NN,1
lay-offs,NNS,1
tech,NN,1
seemingly,RB,1
expand,VB,1
Though,IN,4
bad,JJ,2
perspective,NN,1
entails,VBZ,1
leaving,VBG,2
encouraging,JJ,1
sign,NN,1
encouragement,NN,1
slowdown,NN,1
Netflix,NNP,1
capped,VBN,1
hours,NNS,1
watching,VBG,2
morning,NN,3
invigorating,VBG,1
walks,NNS,1
feeling,VBG,1
inclined,JJ,1
rather,RB,3
sofa,NN,1
seek,VB,1
real-world,NN,1
inculcated,VBN,1
augur,VB,1
Derek,NNP,1
Thompson,NNP,1
Atlantic,NNP,1
weirder,JJR,1
anticipated,VBN,1
.For,FW,1
weirdest,JJS,1
impulses,NNS,1
desire,NN,2
return,VB,1
supermarket,VB,1
money-related,JJ,1
downturn,NN,1
fast-food,JJ,1
earnings,NNS,1
linked,VBN,1
pinched,VB,1
incomes,NNS,1
reverse,VB,1
junk,NN,1
ate,VBP,1
adopted,VBN,1
seemed,VBD,1
grocery,NN,1
keeper,NN,1
Post-pandemic,JJ,1
maybe,RB,1
hulking,NN,1
great,JJ,2
Peloton,NNP,1
appeal,NN,1
third,JJ,1
Starbucks,NNP,1
enjoying,VBG,1
bounce-back,NN,1
supermarket,NN,1
New,NNP,3
York,NNP,1
pleasure,NN,1
time-consuming,JJ,1
stressful,JJ,1
over-crowded,JJ,1
in-store,JJ,1
pay,VBP,1
Monday,NNP,1
compelled,VBN,1
stand,VB,6
Trader,NNP,1
stagger,JJR,1
carrying,VBG,2
bags,NNS,1
combination,NN,1
minor,JJ,1
economies,NNS,1
present,JJ,2
tangible,JJ,1
joy,NN,1
withheld,NN,1
disruption,NN,1
become,RP,1
virtue,NN,1
inverse,JJ,1
ordering,VBG,1
falling,VBG,1
paying,VBG,1
belong,VB,1
sadder,NN,1
body,NN,3
failing,NN,1
hair,NN,1
shirt,NN,1
contrast,NN,2
wardrobe,NN,1
freak,VBP,1
Emma,NNP,1
Brockes,NNP,1
Pulling,VBG,1
station,NN,3
Wednesday,NNP,2
wave,NN,2
sadness,NN,3
unexpected,JJ,2
precise,JJ,2
timing,NN,4
shock,NN,2
visibly,RB,2
flagging,VBG,2
popularity,NN,4
waning,VBG,2
diehards,NNS,2
loyalist,NN,2
greatly,RB,2
admires,VBZ,2
stepped,VBD,2
prime,JJ,7
Zealand,NNP,2
give,VBP,2
imagined,VBD,2
it.,VB,2
ulling,VBG,1
blind,VBP,1
chequered,JJ,1
nature,NN,9
legacy,NN,1
disappointing,VBG,1
watch,VB,1
woman,NN,2
noble,JJ,1
aspirations,NNS,1
succession,NN,2
closing,VBG,1
educational,JJ,1
attainment,NN,1
gap,NN,1
become,VB,1
mired,VBN,1
controversies,NNS,1
ferry,NN,1
fiasco,NN,1
missing,VBG,1
"£600,000",CD,1
funds,NNS,2
poise,NN,1
delivered,VBD,1
brought,VBD,4
back,RP,2
Calvinist,NNP,1
sense,NN,2
relatability,NN,1
humility,NN,1
qualities,NNS,1
absent,NN,1
office,NN,2
attempted,VBD,1
steer,VB,1
ship,NN,1
choppy,JJ,1
waters,NNS,1
greed,NN,1
populism,NN,1
created,VBN,1
character,NN,1
flaws,NN,1
cautious,JJ,1
dampening,VBG,1
radicalism,NN,1
reluctance,NN,1
anyone,NN,4
inner,JJ,1
circle,NN,1
errors,NNS,1
judgment,NN,2
named,VBN,1
person,NN,1
legislation,NN,1
later,RBR,1
breach,VB,1
privacy,VB,1
bill,NN,2
blocked,VBD,1
Scottish,VB,1
devolution,NN,1
Still,RB,1
Boris,NNP,2
Johnson,NNP,5
Liz,NNP,5
Truss,NNP,9
possessed,VBN,1
integrity,NN,1
bankers,NNS,1
bonuses,NNS,1
hint,NN,1
avoidance,NN,1
acknowledged,VBN,1
overwhelming,JJ,1
mandate,NN,1
facing,VBG,1
criticism,NN,2
Furthermore,NN,1
left,NN,5
progressive,JJ,1
Conservatives,NNPS,1
reforms,NNS,1
mitigated,VBN,1
child,JJ,1
payment,NN,1
£25,NNP,1
per,IN,3
child,NN,1
low-income,JJ,1
families,NNS,1
sides,NNS,1
Sometimes,VBZ,1
win,NN,1
sight,NN,1
eloquent,JJ,1
self-reflective,JJ,1
podium,NN,1
finest,JJS,1
guiding,NN,1
mistakes,NNS,1
notably,RB,1
release,NN,1
hospital,NN,1
patients,NNS,1
messaging,NN,1
doubted,VBD,2
cared,VBD,1
giving,VBG,1
imagine,JJ,1
socialising,VBG,1
mourned,VBD,1
imagine,VB,1
stacking,VBG,1
chairs,NNS,1
meeting,NN,4
wont,VBN,1
resigning,VBG,1
gracefully,RB,1
interests,NNS,2
reminder,NN,1
transformed,VBD,1
returned,VBD,1
journalism,NN,1
male-dominated,JJ,1
female,JJ,2
voices,NNS,1
pushed,VBN,1
margins,NNS,1
changed,VBD,1
helm,NN,1
actively,RB,2
promoting,VBG,1
equality,NN,1
initial,JJ,1
allegations,NNS,1
undoing,VBG,1
impulse,JJ,1
sexual,JJ,1
harassment,NN,1
complaints,NNS,1
process,NN,1
stuck,VBD,1
outpouring,NN,1
vitriol,NN,1
misogyny,NN,1
unleashed,VBD,1
insists,VBZ,1
fallout,NN,1
GRR,NNP,1
catalyst,NN,1
accusation,NN,1
squandered,VBN,1
right,NN,3
feminist,NN,1
painful,JJ,1
appears,VBZ,1
forthcoming,VBG,1
election-based,JJ,1
force,VB,1
UK,JJ,3
negotiations,NNS,1
knows,VBZ,1
preferred,JJ,1
de,FW,1
facto,FW,1
divisive,JJ,1
conscience,NN,1
ask,IN,1
based,VBN,2
whilst,VBZ,1
convinced,VBN,1
explained,VBD,1
Conscience,NNP,1
admire,VBP,2
clinging,VBG,1
desperately,RB,1
dream,NN,1
personally,RB,1
give,VB,1
consumed,VBN,1
–,IN,2
although,IN,1
cede,VB,1
desired,VBN,1
sake,NN,1
means,NN,1
securing,VBG,1
ideal,NN,1
transcends,VBZ,1
ego,NN,1
believing,VBG,1
indispensable,JJ,1
ruefulness,NN,1
else,RB,2
capable,JJ,1
filling,VBG,2
impossible,JJ,1
conceive,VB,1
touted,JJ,1
Keith,NNP,1
Brown,NNP,1
Neil,NNP,1
Gray,NNP,1
stadiums,NNS,1
selfie-seeking,JJ,1
fans,NNS,1
competence,NN,1
established,VBN,1
product,NN,1
rode,VBD,1
post-referendum,JJ,1
high,NN,1
Whoever,WP,1
succeeds,VBZ,1
luck,NN,1
rethink,VB,1
approach,NN,1
Dani,NNP,1
Garavelli,NNP,1
freelance,NN,1
journalist,NN,1
Herald,NNP,1
projects,NNS,4
seeds,NNS,2
destruction,NN,4
Contradictions,NNS,2
paradoxes,NNS,2
limitations,NNS,2
hardwired,VBN,2
creation,NN,2
endpoint,NN,2
birth,NN,2
announcement,NN,2
Jeremy,NNP,5
Corbyn,NNP,17
Labour,JJ,3
candidate,NN,3
shut-up-or-ship-out,JJ,2
message,NN,2
–,RP,2
lifeline,NN,2
incoming,JJ,2
Labour-led,JJ,2
shortened,VBN,2
dramatically,RB,3
Corbynism,NNP,2
leftwing,VBG,1
se,NN,1
argue,VB,2
age,NN,1
complexity,NN,1
chaos,NN,1
confusion,NN,1
project,NN,3
agility,NN,1
nimbleness,NN,1
fluidity,NN,1
allows,VBZ,1
forge,VB,1
ever-changing,JJ,1
intellectual,JJ,1
alliances,NNS,2
Pragmatic,JJ,1
defined,VBN,2
openness,NN,1
closure,NN,1
legitimate,JJ,1
misguided,JJ,1
wing,NN,1
shut,NN,1
pull,VB,1
levers,NNS,1
best,JJS,2
Tony,NNP,1
Blair,NNP,1
believes,VBZ,1
proving,VBG,2
City,NNP,1
rock,VB,1
boat,NN,3
greed,VB,1
rocked,VBN,1
doomed,VBN,1
real,JJ,2
cleverly,JJ,1
effectively,RB,3
rock,VBP,1
back,NN,1
1950s,CD,1
psychiatrist,NN,1
cyberneticist,NN,1
W,NNP,1
Ross,NNP,1
Ashby,NNP,1
devised,VBD,1
Law,NNP,1
Requisite,NNP,1
Variety,NNP,1
stated,VBD,1
organisation,NN,2
governed,VBN,2
equally,RB,1
complex,JJ,3
Simple,JJ,1
organisations,NNS,2
demands,VBZ,1
governance,NN,1
highway,NN,1
sign,VBP,1
warrant,NN,1
demand,NN,1
obedience,NN,1
opposite,NN,1
feedback,NN,1
creativity,NN,1
innovation,NN,1
demands,NNS,1
Withdrawing,VBG,1
corner,NN,1
defining,VBG,1
fails,VBZ,1
narrows,VBZ,1
vision,NN,1
act,VB,1
end,VBP,1
Italian,JJ,1
theorist,NN,1
Antonio,NNP,1
Gramsci,NNP,1
grain,NN,1
truth,NN,2
opponent,NN,1
synthesising,VBG,1
useful,JJ,1
elements,NNS,1
critique,NN,1
robust,JJ,1
brittle,JJ,1
dynamic,JJ,1
static,JJ,1
ingredient,NN,1
–,VBD,4
ability,NN,3
21st,JJ,2
enduring,VBG,1
arrogant,JJ,1
chest-beating,NN,1
careful,JJ,1
curation,NN,1
consensus,NN,1
dull,JJ,1
conformity,NN,1
fair,JJ,1
purge,NN,1
thorough,JJ,1
version,NN,1
gone,VBN,1
deselections,NNS,1
round,NN,1
Blairism,NNP,1
extinguished,VBD,1
ridicule,NN,1
rulebook,NN,1
Conservative,JJ,1
minus,CC,1
implosion,NN,2
fall,NN,1
Without,IN,1
renew,VB,1
regenerate,VB,1
intellectually,RB,1
culturally,RB,1
fast,JJ,1
vacuum,NN,2
faction,NN,1
rule,VB,1
waves,NNS,1
non-starter,JJ,1
Neither,CC,1
impose,VB,2
negotiated,VBN,1
happen,VB,1
honed,VBN,1
Neal,NNP,1
Lawson,NNP,1
cross-party,JJ,1
Compass,NNP,1
shame,NN,3
Equality,NNP,2
Human,NNP,2
Rights,NNP,2
Commission,NNP,2
racism,NN,2
shocked,VBD,2
members,NNS,3
core,NN,2
released,VBN,2
disgrace,NN,2
celebration,NN,2
EHRC,NNP,3
original,JJ,3
finding,NN,2
acted,VBD,2
unlawfully,RB,2
rein,VB,2
antisemitism,NN,3
refusal,NN,2
accept,VB,1
findings,NNS,2
parliamentary,JJ,1
maintains,VBZ,1
scale,NN,1
overstated,VBN,1
opponents,NNS,2
inside,IN,1
media.,NN,1
bit,JJ,1
racist,NN,1
damning,NN,1
swallowed,VBN,1
confirmation,NN,1
surprising,JJ,1
Cleansing,VBG,1
deeply,JJ,1
wife,NN,1
Jewish,JJ,2
festivals,NNS,1
obstinacy,NN,1
convenient,JJ,1
expulsion,NN,1
demonstrate,VB,1
grip,NN,1
feeble,JJ,1
jibes,NNS,1
serving,VBG,2
cabinet,JJ,1
bounce,NN,1
Kim,NNP,1
PMQs,NNP,1
call,VB,1
fascist,NN,1
apologise,VB,1
whip,NN,1
devoted,VBD,1
fixing,VBG,1
internally,RB,1
slowly,RB,1
progress,NN,1
Asked,VBD,1
winning,VBG,1
handsomely,RB,1
soars,VBZ,1
meetings,NNS,1
speak,NN,1
Corbynite,NNP,1
influence,NN,1
fading,NN,1
supporters,NNS,1
altogether,RB,1
inches,NNS,1
lucky,VBN,1
total,JJ,1
lucky,VB,1
polling,NN,2
successors,NNS,1
unimpressive,JJ,1
aiding,VBG,1
opposition,NN,1
scored,VBN,1
Ipsos,NNP,1
polling,VBG,1
-60,NNP,1
approval,NN,1
rating,NN,2
Michael,NNP,2
Foot,NNP,2
-56,NNP,1
Iain,NNP,1
Duncan,NNP,1
Smith,NNP,1
William,NNP,1
Hague,NNP,1
tied,VBD,1
-37,NNP,1
benefited,VBD,1
disastrous,JJ,1
trailed,VBD,1
Theresa,NNP,1
votes,NNS,1
saviour,NN,1
drag,JJ,1
anchor,NN,1
flocks,NNS,1
enthusiastic,JJ,1
prompted,VBD,1
delighted,JJ,1
chants,NNS,1
Oh,NNP,1
Glastonbury,NNP,2
betrayed,VBN,2
rightwingers,NNS,1
backed,VBN,2
villain,NN,1
Whenever,WRB,1
write,VBP,1
guaranteed,VBN,1
Twitter,NNP,1
thread,JJ,1
responses,NNS,1
colleagues,NNS,1
paper,NN,1
suffering,VBG,1
brief,JJ,1
archive,NN,1
show,VB,1
columnists,NNS,1
urged,VBD,1
back,VB,2
decade,NN,1
brutal,JJ,1
unfitness,NN,1
backed,VBD,1
item,NN,1
manifesto,NN,1
longest,JJS,1
suicide,JJ,1
note,NN,1
pledged,VBD,1
Nato,NNP,2
obstacle,NN,1
implausible,JJ,1
costings,NNS,1
extra,JJ,1
billions,NNS,1
added,VBD,1
feared,VBD,1
perceived,JJ,1
patriotism,NN,1
example,NN,1
sing,VBG,1
anthem,NN,1
remembrance,NN,1
told,JJ,1
focus,NN,1
pollsters,NNS,1
concerned,VBN,1
joined,VBD,1
misleading,VBG,1
chorus,NN,1
advisers,NNS,1
thinks,VBZ,1
elections,NNS,1
unforgivable,JJ,1
lexiter,NN,1
Bennite,NNP,1
Brexiter,NNP,1
monstrous,JJ,1
offers,VBZ,1
binary,JJ,1
progressives,NNS,1
hue,NN,1
nightmarish,JJ,1
sociopathic,JJ,1
preferable,JJ,1
lowest,JJS,1
bars,NNS,1
remaining,VBG,2
believers,NNS,1
cling,VBG,1
resort,NN,1
failed,JJ,1
ideologues,NNS,1
refrain,NN,1
Brexiters,NNS,1
Corbyn,NN,1
Islington,NNP,1
North,NNP,1
array,NN,1
would-be,JJ,1
candidates,NNS,1
Groups,NNP,1
Momentum,NNP,1
face,VB,1
quandary,JJ,1
automatically,RB,1
expelled,VBN,2
campaigned,VBD,1
golden,JJ,1
matters,NNS,2
wins,VBZ,1
seat,NN,2
matters,VBZ,1
expunged,VBN,1
haste,NN,1
overreach,NN,1
purge,VB,1
interesting,JJ,1
Polly,NNP,1
Toynbee,NNP,1
columnistDo,NN,1
calm,JJ,2
thoughtful,JJ,2
discussion,NN,2
democracies,NNS,3
future,JJ,2
European,JJ,2
Judging,NN,2
confrontational,JJ,2
attention-seeking,JJ,2
Tokyo,NNP,4
disgraced,VBD,2
short,RB,1
insights,NNS,1
defaulted,VBN,1
crowd-pleasing,NN,1
hawkish,JJ,1
positions,NNS,1
principally,RB,1
facilitate,VB,1
comeback,NN,1
poses,VBZ,2
help,VB,1
rally,VB,1
regional,JJ,1
building,VBG,1
Pacific,NNP,1
alliance,NN,1
.Truss,NNP,1
calls,VBZ,2
G7,NNP,1
meet,VB,1
Hiroshima,NNP,1
sanctions,NNS,1
escalates,VBZ,1
intimidation,NN,1
Taiwan,NNP,4
self-governing,JJ,1
island,NN,1
admitted,VBN,1
currently,RB,1
excluded,VBN,1
–,VB,3
red,JJ,1
rag,NN,1
stance,NN,1
echoed,VBD,1
provocative,JJ,1
call,NN,1
supply,VB,1
Taipei,NNP,1
suggest,VB,1
critical,JJ,1
illustrated,VBN,1
absurdly,RB,1
hyped,JJ,1
flap,NN,1
accompanied,VBD,1
proposals,NNS,1
pursued,VBN,1
intensify,VB,1
east-west,JJ,1
tensions,NNS,1
deepen,VB,1
boost,NN,1
Russia,NNP,4
ally,VB,1
enhance,VB,1
raises,VBZ,1
broader,JJR,1
truly,RB,2
workable,JJ,1
mitigate,VB,1
aggressive,JJ,1
posture,NN,1
president,NN,2
Xi,NNP,4
Jinping,NNP,1
posturing,VBG,1
hard-right,JJ,1
anti-China,JJ,1
audiences,NNS,1
position,NN,1
selective,JJ,1
decoupling,NN,1
undercuts,JJ,1
declined,VBN,1
classify,VB,1
.Second,NN,1
wherewithal,NN,1
firepower,NN,1
intervene,VB,1
dangerous,JJ,1
geopolitical,JJ,1
crises,NNS,1
thousands,NNS,1
miles,NNS,1
shores,NNS,1
truly,JJ,1
delusional,JJ,1
Alone,RB,1
adrift,VB,1
post-Brexit,JJ,1
create,VB,1
influence,VB,1
events,NNS,1
diminishing,VBG,1
rapidly,RB,1
Asia-Pacific,JJ,1
region,NN,4
concern,NN,1
Politically,RB,1
admit,VB,1
axiomatic,JJ,1
Empty,NNP,1
threats,NNS,2
Mansion,NNP,1
shortly,RB,1
insisted,VBD,1
Russian,JJ,1
troops,NNS,1
forced,VBN,1
pre-2014,NN,1
borders,NNS,1
meaning,VBG,1
Crimea,NNP,1
Donbas,NNP,1
faster,RBR,1
push,VB,1
whole,NN,1
whose,WP$,1
launch,VB,1
ground,NN,1
thought,VBD,1
repeat,JJ,1
play,NN,1
loose,JJ,1
costs,VBZ,1
subjugate,VB,1
bullying,NN,1
Philippines,NNPS,4
colonisation,NN,1
Uyghur,NNP,1
Tibetan,NNP,1
peoples,NNS,10
shocking,VBG,1
alarming,VBG,1
likewise,JJ,1
problems,NNS,1
deterred,VBN,1
colonial,NN,1
blood,NN,1
hands,NNS,1
credible,JJ,1
kinetic,NN,1
danger,NN,1
double,VB,1
gunsights,NNS,1
predicted,VBD,1
calamity,NN,1
jumps,VBZ,1
rhetorically,RB,1
feet,NNS,1
cliches,NNS,1
expect,VB,1
Likewise,NNP,1
Japan,NNP,1
appalled,VBN,1
polite,JJ,1
savvy,JJ,1
Tsai,NNP,1
Ing-wen,NNP,1
prepare,VBP,1
meantime,RB,1
blow,VB,1
like,JJ,1
empire,NN,1
straw,NN,1
implode,VB,1
happened,VBN,1
1989-91,JJ,1
foil,VB,1
Interdependence,NNP,1
deep,JJ,1
ties,NNS,1
mutually,RB,1
valuable,JJ,2
shared,VBN,1
challenges,NNS,1
proliferation,NN,1
pressing,VBG,1
west,NN,2
attempt,VB,1
contain,VB,1
alone,JJ,1
halt,VB,1
rise,NN,1
values,NNS,1
strengthening,VBG,1
maintaining,VBG,2
lines,NNS,1
communication,NN,1
modify,VB,1
objectionable,JJ,1
behaviours,NN,1
Truss,VB,1
siren,NN,1
digging,VBG,1
trenches,NNS,1
cold,JJ,2
fight,VB,1
Tisdall,NNP,1
affairs,NNS,1
commentator,NN,1
editor,NN,1
discuss,VB,2
generating,VBG,2
conserve,VB,2
restore,VB,2
adoption,NN,2
biodiversity,NN,15
framework,NN,6
Montreal,NNP,2
Cop15,NNP,2
loss,NN,3
drives,VBZ,2
Earth,NN,2
news,NN,2
discussions,NNS,2
Canada,NNP,1
Indigenous,NNP,4
together,RB,2
philanthropy,NN,1
table,NN,1
Addressing,VBG,1
numbers,NNS,1
right,RB,1
spent,VBN,1
recognise,VB,1
lands,NNS,1
territories,NNS,1
impact,NN,1
conservation,NN,4
natural,JJ,1
resources,NNS,2
input,NN,1
reforestation,NN,2
ample,JJ,1
Indigenous,JJ,5
custodians,NNS,2
Benguet,NNP,1
northern,JJ,1
involving,VBG,1
dollars,NNS,1
grants,NNS,1
loans,NNS,1
consultants,NNS,1
recommended,VBD,1
fast-growing,JJ,1
species,NNS,3
gmelina,NN,1
eucalyptus,NN,1
quickly,RB,1
reforest,VB,1
depleted,VBD,1
water,NN,1
supplies,NNS,1
contracted,VBD,1
seedlings,NNS,1
young,JJ,1
thrive,VB,1
land,NN,2
responsibility,NN,1
extinguish,VB,1
forest,JJS,2
fires,NNS,1
broke,VBD,1
Cordillera,NNP,2
intact,JJ,2
cover,NN,1
defend,VB,1
mining,NN,1
logging,NN,1
Elsewhere,RB,1
ancestral,JJ,1
domains,NNS,1
Palaw,NNP,1
Mangyan,NNP,1
Palawan,NNP,1
Mindoro,NNP,2
remained,VBN,1
forests,NNS,1
teeming,VBG,1
native,JJ,1
tree,NN,1
almaciga,NN,1
unique,JJ,1
animal,NN,1
locations,NNS,1
tamaraw,NN,1
stewardship,NN,1
conserved,VBN,1
better,RB,1
rightful,JJ,1
owners,NNS,1
spaces,NNS,1
thrives,VBZ,1
supported,VBN,2
humanity,NN,1
sustainable,JJ,1
generations,NNS,1
pro,FW,1
bono,FW,1
peril,NN,1
funding,VBG,1
exercise,VB,1
role,NN,1
addressing,VBG,1
twin,JJ,1
lobby,VB,1
allocates,VBZ,1
funding,NN,3
Environment,NNP,1
Facility,NNP,1
responsive,JJ,1
consistently,RB,1
prioritises,VBZ,1
donors,NNS,1
longer,RBR,1
amounts,NNS,1
available,JJ,2
demanding,VBG,1
related,VBN,1
Traditional,JJ,1
mechanisms,NNS,2
proved,VBN,1
ineffective,JJ,1
costly,JJ,1
counterproductive,JJ,1
develop,VB,1
equity,NN,1
reiterate,VB,1
directly,RB,1
account,NN,1
priorities,NNS,1
discrimination,NN,1
ecosystems,NNS,1
Saving,VBG,1
saving,VBG,1
earned,VBN,1
implementation,NN,1
exclude,VB,1
waste,VB,1
opportunities,NNS,1
deal,NN,1
opened,VBN,1
lies,VBZ,1
Minnie,NNP,1
Degawan,NNP,1
Kakaney/Igorot,NNP,1
activist,NN,1
International,NNP,1
Biodiversity,NNP,1
IIFB,NNP,1
